,pred_list_conf,pred_list_rec,pred_list_det,conf_loss,rec_loss,det_loss
0,26365,6204,836,26761.992639160155,5233.801896953582,9.295211221277713
1,26136,6414,812,23272.662036132813,4637.920306253433,6.1783829376101504
2,26226,6046,837,26991.537257385255,5471.4354729235165,9.589618984237314
3,26090,5950,829,27092.743885803222,5955.460953986645,6.8856812968850125
4,26769,5984,834,25836.67989044189,5285.038797187805,9.826467714086174
