,pred_list_conf,pred_list_rec,pred_list_det,conf_loss,rec_loss,det_loss
0,10998543,10689429,155725,6024016.0,7193491.0,336.80316162109375
1,10987594,10692097,155766,6660621.0,7797086.5,360.0560607910156
2,10988998,10685228,155711,5348015.5,6246875.0,267.17315673828125
