,pred_list_conf,pred_list_rec,pred_list_det,conf_loss,rec_loss,det_loss
0,10957516,10658191,155539,293277888.0,130786448.0,34473.8671875
1,10960380,10667252,155580,213289200.0,276035776.0,49807.78125
2,10960335,10657729,155592,218929136.0,180540880.0,49790.921875
